year,pred64,pred85,pred105,pred125,temperature
1880,0,0,0,0,-0.1148
1881,0.002204724,0.002204724,0.002204724,0.002204724,-0.0628
1882,-0.004409449,-0.004409449,-0.004409449,-0.004409449,-0.0648
1883,-0.002322835,-0.002322835,-0.002322835,-0.002322835,-0.1424
1884,0.005905512,0.005905512,0.005905512,0.005905512,-0.2009
1885,0.005314961,0.005314961,0.005314961,0.005314961,-0.2125
1886,0.004370079,0.004370079,0.004370079,0.004370079,-0.2003
1887,0.002165354,0.002165354,0.002165354,0.002165354,-0.2489
1888,0.002992126,0.002992126,0.002992126,0.002992126,-0.1471
1889,0.003622047,0.003622047,0.003622047,0.003622047,-0.0982
1890,0.004409449,0.004409449,0.004409449,0.004409449,-0.322
1891,0.003740157,0.003740157,0.003740157,0.003740157,-0.2532
1892,0.005,0.005,0.005,0.005,-0.3062
1893,0.006850394,0.006850394,0.006850394,0.006850394,-0.3212
1894,0.003031496,0.003031496,0.003031496,0.003031496,-0.2808
1895,0.007677165,0.007677165,0.007677165,0.007677165,-0.229
1896,0.004685039,0.004685039,0.004685039,0.004685039,-0.0974
1897,0.006732283,0.006732283,0.006732283,0.006732283,-0.1224
1898,0.010433071,0.010433071,0.010433071,0.010433071,-0.2546
1899,0.013385827,0.013385827,0.013385827,0.013385827,-0.1173
1900,0.011259843,0.011259843,0.011259843,0.011259843,-0.0679
1901,0.011102362,0.011102362,0.011102362,0.011102362,-0.1417
1902,0.012913386,0.012913386,0.012913386,0.012913386,-0.2463
1903,0.016062992,0.016062992,0.016062992,0.016062992,-0.3369
1904,0.012007874,0.012007874,0.012007874,0.012007874,-0.4194
1905,0.00984252,0.00984252,0.00984252,0.00984252,-0.2931
1906,0.012519685,0.012519685,0.012519685,0.012519685,-0.2174
1907,0.011968504,0.011968504,0.011968504,0.011968504,-0.3706
1908,0.010984252,0.010984252,0.010984252,0.010984252,-0.4396
1909,0.012755906,0.012755906,0.012755906,0.012755906,-0.4261
1910,0.012716535,0.012716535,0.012716535,0.012716535,-0.3789
1911,0.015984252,0.015984252,0.015984252,0.015984252,-0.4332
1912,0.01476378,0.01476378,0.01476378,0.01476378,-0.3288
1913,0.015472441,0.015472441,0.015472441,0.015472441,-0.3162
1914,0.017952756,0.017952756,0.017952756,0.017952756,-0.1395
1915,0.021062992,0.021062992,0.021062992,0.021062992,-0.0693
1916,0.020314961,0.020314961,0.020314961,0.020314961,-0.293
1917,0.018543307,0.018543307,0.018543307,0.018543307,-0.3146
1918,0.017913386,0.017913386,0.017913386,0.017913386,-0.2084
1919,0.018543307,0.018543307,0.018543307,0.018543307,-0.2055
1920,0.019055118,0.019055118,0.019055118,0.019055118,-0.2105
1921,0.01988189,0.01988189,0.01988189,0.01988189,-0.1485
1922,0.019527559,0.019527559,0.019527559,0.019527559,-0.2304
1923,0.02,0.02,0.02,0.02,-0.2156
1924,0.017125984,0.017125984,0.017125984,0.017125984,-0.2486
1925,0.017913386,0.017913386,0.017913386,0.017913386,-0.1481
1926,0.020472441,0.020472441,0.020472441,0.020472441,-0.0667
1927,0.02003937,0.02003937,0.02003937,0.02003937,-0.1546
1928,0.018503937,0.018503937,0.018503937,0.018503937,-0.1774
1929,0.019055118,0.019055118,0.019055118,0.019055118,-0.2985
1930,0.020629921,0.020629921,0.020629921,0.020629921,-0.1003
1931,0.020472441,0.020472441,0.020472441,0.020472441,-0.0686
1932,0.022716535,0.022716535,0.022716535,0.022716535,-0.1168
1933,0.024409449,0.024409449,0.024409449,0.024409449,-0.2439
1934,0.022283465,0.022283465,0.022283465,0.022283465,-0.1015
1935,0.024488189,0.024488189,0.024488189,0.024488189,-0.1392
1936,0.022952756,0.022952756,0.022952756,0.022952756,-0.1134
1937,0.02519685,0.02519685,0.02519685,0.02519685,-0.0157
1938,0.026220472,0.026220472,0.026220472,0.026220472,-0.0288
1939,0.028267717,0.028267717,0.028267717,0.028267717,-0.0139
1940,0.026181102,0.026181102,0.026181102,0.026181102,0.0947
1941,0.030984252,0.030984252,0.030984252,0.030984252,0.196
1942,0.030984252,0.030984252,0.030984252,0.030984252,0.1538
1943,0.030984252,0.030984252,0.030984252,0.030984252,0.157
1944,0.028464567,0.028464567,0.028464567,0.028464567,0.2928
1945,0.029566929,0.029566929,0.029566929,0.029566929,0.171
1946,0.032519685,0.032519685,0.032519685,0.032519685,-0.004
1947,0.033740157,0.033740157,0.033740157,0.033740157,-0.0477
1948,0.035629921,0.035629921,0.035629921,0.035629921,-0.0487
1949,0.03511811,0.03511811,0.03511811,0.03511811,-0.0568
1950,0.035984252,0.035984252,0.035984252,0.035984252,-0.1616
1951,0.039724409,0.039724409,0.039724409,0.039724409,-0.0132
1952,0.038700787,0.038700787,0.038700787,0.038700787,0.0248
1953,0.040433071,0.040433071,0.040433071,0.040433071,0.0952
1954,0.039291339,0.039291339,0.039291339,0.039291339,-0.1165
1955,0.039645669,0.039645669,0.039645669,0.039645669,-0.1354
1956,0.037637795,0.037637795,0.037637795,0.037637795,-0.199
1957,0.042913386,0.042913386,0.042913386,0.042913386,0.0488
1958,0.043464567,0.043464567,0.043464567,0.043464567,0.1095
1959,0.043582677,0.043582677,0.043582677,0.043582677,0.0596
1960,0.04503937,0.04503937,0.04503937,0.04503937,0.0204
1961,0.047480315,0.047480315,0.047480315,0.047480315,0.0775
1962,0.045433071,0.045433071,0.045433071,0.045433071,0.0888
1963,0.04480315,0.04480315,0.04480315,0.04480315,0.1068
1964,0.041692913,0.041692913,0.041692913,0.041692913,-0.1495
1965,0.046102362,0.046102362,0.046102362,0.046102362,-0.078
1966,0.043976378,0.043976378,0.043976378,0.043976378,-0.0227
1967,0.044527559,0.044527559,0.044527559,0.044527559,-0.0131
1968,0.04484252,0.04484252,0.04484252,0.04484252,-0.0296
1969,0.047519685,0.047519685,0.047519685,0.047519685,0.0929
1970,0.046771654,0.046771654,0.046771654,0.046771654,0.0372
1971,0.048818898,0.048818898,0.048818898,0.048818898,-0.0783
1972,0.052401575,0.052401575,0.052401575,0.052401575,0.0264
1973,0.05003937,0.05003937,0.05003937,0.05003937,0.1641
1974,0.054724409,0.054724409,0.054724409,0.054724409,-0.0719
1975,0.054094488,0.054094488,0.054094488,0.054094488,0.0034
1976,0.053700787,0.053700787,0.053700787,0.053700787,-0.0792
1977,0.053031496,0.053031496,0.053031496,0.053031496,0.1978
1978,0.055551181,0.055551181,0.055551181,0.055551181,0.1123
1979,0.053622047,0.053622047,0.053622047,0.053622047,0.2273
1980,0.055984252,0.055984252,0.055984252,0.055984252,0.2637
1981,0.060866142,0.060866142,0.060866142,0.060866142,0.2999
1982,0.058582677,0.058582677,0.058582677,0.058582677,0.1815
1983,0.061889764,0.061889764,0.061889764,0.061889764,0.3411
1984,0.061535433,0.061535433,0.061535433,0.061535433,0.149
1985,0.057480315,0.057480315,0.057480315,0.057480315,0.1342
1986,0.057716535,0.057716535,0.057716535,0.057716535,0.2296
1987,0.057952756,0.057952756,0.057952756,0.057952756,0.3696
1988,0.05980315,0.05980315,0.05980315,0.05980315,0.3757
1989,0.061574803,0.061574803,0.061574803,0.061574803,0.297
1990,0.062322835,0.062322835,0.062322835,0.062322835,0.4328
1991,0.063346457,0.063346457,0.063346457,0.063346457,0.4055
1992,0.063582677,0.063582677,0.063582677,0.063582677,0.2571
1993,0.062913386,0.062913386,0.062913386,0.062913386,0.2853
1994,0.065,0.065,0.065,0.065,0.3409
1995,0.066181102,0.066181102,0.066181102,0.066181102,0.4577
1996,0.067874016,0.067874016,0.067874016,0.067874016,0.3228
1997,0.070669291,0.070669291,0.070669291,0.070669291,0.5187
1998,0.066653543,0.066653543,0.066653543,0.066653543,0.6344
1999,0.07011811,0.07011811,0.07011811,0.07011811,0.4438
2000,0.070629921,0.070629921,0.070629921,0.070629921,0.4262
2001,0.072874016,0.072874016,0.072874016,0.072874016,0.5473
2002,0.073818898,0.073818898,0.073818898,0.073818898,0.6023
2003,0.077598425,0.077598425,0.077598425,0.077598425,0.6134
2004,0.077401575,0.077401575,0.077401575,0.077401575,0.5783
2005,0.077440945,0.077440945,0.077440945,0.077440945,0.6585
2006,0.079173228,0.079173228,0.079173228,0.079173228,0.6125
2007,0.07996063,0.07996063,0.07996063,0.07996063,0.61
2008,0.083503937,0.083503937,0.083503937,0.083503937,0.5419
2009,0.085866142,0.085866142,0.085866142,0.085866142,0.6367
2010,0.089015748,0.089015748,0.089015748,0.089015748,0.7014
2011,0.089645669,0.089645669,0.089645669,0.089645669,0.5788
2012,0.093267716,0.093267716,0.093267716,0.093267716,0.624
2013,0.08980315,0.08980315,0.08980315,0.08980315,0.6679
2014,0.225270884,0.216680797,0.21145659,0.207824372,0.7408
2015,0.229021778,0.219773944,0.214197311,0.21033867,0.8998
2016,0.232831741,0.222903695,0.216964258,0.212873164,0.9363
2017,0.236701702,0.226070485,0.219757683,0.215428015,0.581638444
2018,0.240632606,0.229274751,0.22257784,0.218003386,0.773012232
2019,0.244625413,0.232516938,0.225424983,0.220599444,0.744680738
2020,0.248681097,0.235797492,0.228299371,0.223216353,0.756928181
2021,0.252800649,0.23911687,0.231201266,0.225854281,0.850452764
2022,0.256985075,0.242475529,0.234130929,0.228513397,0.759440856
2023,0.261235395,0.245873936,0.237088627,0.231193872,1.003522462
2024,0.265552649,0.24931256,0.240074629,0.233895876,0.751541746
2025,0.269937889,0.252791877,0.243089204,0.236619583,1.016787951
2026,0.274392187,0.256312369,0.246132627,0.239365167,0.983932424
2027,0.27891663,0.259874523,0.249205173,0.242132804,1.110134552
2028,0.283512322,0.263478832,0.252307122,0.244922671,1.045194508
2029,0.288180386,0.267125796,0.255438753,0.247734946,1.071101853
2030,0.292921962,0.270815918,0.258600353,0.25056981,1.156530325
2031,0.297738206,0.27454971,0.261792207,0.253427444,0.935083864
2032,0.302630295,0.278327688,0.265014604,0.25630803,0.98212715
2033,0.307599423,0.282150375,0.268267838,0.259211753,1.073003894
2034,0.312646804,0.286018301,0.271552203,0.2621388,1.076951328
2035,0.317773669,0.289932001,0.274867996,0.265089356,1.20233196
2036,0.322981271,0.293892016,0.27821552,0.268063612,0.998932981
2037,0.328270881,0.297898894,0.281595077,0.271061757,0.976086923
2038,0.333643789,0.301953191,0.285006975,0.274083984,1.232784064
2039,0.339101309,0.306055467,0.288451521,0.277130486,1.121886901
2040,0.344644772,0.31020629,0.29192903,0.280201457,1.170211194
2041,0.350275532,0.314406235,0.295439816,0.283297094,1.227161218
2042,0.355994964,0.318655882,0.298984198,0.286417596,1.104809837
2043,0.361804463,0.322955821,0.302562497,0.289563162,1.214939178
2044,0.367705449,0.327306646,0.306175038,0.292733994,1.100321775
2045,0.373699362,0.331708959,0.309822148,0.295930293,1.205805817
2046,0.379787665,0.336163371,0.313504159,0.299152266,1.280263489
2047,0.385971845,0.340670496,0.317221404,0.302400118,1.184674516
2048,0.392253412,0.34523096,0.32097422,0.305674057,1.233179064
2049,0.398633899,0.349845393,0.324762949,0.308974293,1.410045171
2050,0.405114864,0.354514434,0.328587932,0.312301036,1.237455198
2051,0.41169789,0.359238729,0.332449519,0.3156545,1.315445401
2052,0.418384583,0.364018932,0.336348057,0.3190349,1.280691123
2053,0.425176576,0.368855706,0.340283903,0.322442451,1.200037789
2054,0.432075527,0.373749718,0.344257411,0.325877371,1.378548783
2055,0.439083121,0.378701647,0.348268943,0.329339882,1.199976361
2056,0.446201069,0.383712179,0.352318863,0.332830203,1.385593413
2057,0.453431108,0.388782005,0.356407538,0.336348559,1.42190287
2058,0.460775003,0.393911829,0.360535339,0.339895175,1.296249235
2059,0.468234548,0.399102361,0.364702639,0.343470278,1.451308753
2060,0.475811564,0.404354317,0.368909818,0.347074096,1.367170057
2061,0.483507901,0.409668427,0.373157257,0.35070686,1.535377
2062,0.491325437,0.415045425,0.377445341,0.354368803,1.501493785
2063,0.499266081,0.420486055,0.381774458,0.358060159,1.582242592
2064,0.507331773,0.42599107,0.386145003,0.361781164,1.456607388
2065,0.51552448,0.431561233,0.39055737,0.365532057,1.598976363
2066,0.523846204,0.437197314,0.395011961,0.369313077,1.525136878
2067,0.532298976,0.442900094,0.399509179,0.373124467,1.757908616
2068,0.54088486,0.448670361,0.404049432,0.37696647,1.537509587
2069,0.549605951,0.454508915,0.408633132,0.380839332,1.480376533
2070,0.55846438,0.460416563,0.413260695,0.384743301,1.728042158
2071,0.567462309,0.466394124,0.417932541,0.388678628,1.581381067
2072,0.576601935,0.472442424,0.422649093,0.392645563,1.664281975
2073,0.585885489,0.4785623,0.427410779,0.396644361,1.661759719
2074,0.595315237,0.484754601,0.432218032,0.400675278,1.650231833
2075,0.604893483,0.491020182,0.437071286,0.404738572,1.626436197
2076,0.614622564,0.497359911,0.441970982,0.408834502,1.73439438
2077,0.624504855,0.503774666,0.446917566,0.412963331,1.756938765
2078,0.63454277,0.510265334,0.451911484,0.417125323,1.705270941
2079,0.64473876,0.516832814,0.456953191,0.421320745,1.908115019
2080,0.655095312,0.523478014,0.462043144,0.425549865,1.743161589
2081,0.665614957,0.530201855,0.467181804,0.429812953,1.820757765
2082,0.676300262,0.537005267,0.472369637,0.434110283,1.752942451
2083,0.687153836,0.543889193,0.477607114,0.438442129,1.737738381
2084,0.698178329,0.550854583,0.482894711,0.442808769,1.825285121
2085,0.709376432,0.557902404,0.488232905,0.447210483,1.781368156
2086,0.72075088,0.565033629,0.493622183,0.451647551,1.981044243
2087,0.73230445,0.572249247,0.499063032,0.456120258,2.033073041
2088,0.744039961,0.579550256,0.504555947,0.46062889,1.689420608
2089,0.75596028,0.586937666,0.510101425,0.465173736,1.775655028
2090,0.768068317,0.5944125,0.515699969,0.469755087,1.99584
2091,0.780367028,0.601975793,0.521352088,0.474373235,1.869900043
2092,0.792859415,0.609628591,0.527058293,0.479028477,2.063618012
2093,0.805548529,0.617371954,0.532819102,0.48372111,2.046813963
2094,0.818437467,0.625206953,0.538635039,0.488451435,1.94354916
2095,0.831529376,0.633134673,0.54450663,0.493219754,1.789960835
2096,0.844827453,0.641156211,0.550434408,0.498026373,2.067047956
2097,0.858334944,0.649272677,0.556418911,0.502871599,1.985165709
2098,0.872055147,0.657485195,0.562460682,0.507755742,1.95823439
2099,0.885991412,0.665794902,0.568560268,0.512679115,2.074853834
2100,0.900147141,0.674202947,0.574718222,0.517642033,2.120265258
2101,0.914525791,0.682710494,0.580935105,0.522644813,1.989704207
2102,0.929130871,0.691318722,0.587211478,0.527687776,1.989039661
2103,0.943965948,0.70002882,0.593547912,0.532771245,1.938394176
2104,0.959034643,0.708841996,0.599944981,0.537895545,2.047366307
2105,0.974340636,0.717759468,0.606403266,0.543061003,2.075815113
2106,0.989887663,0.726782471,0.612923352,0.548267951,2.145122751
2107,1.00567952,0.735912254,0.61950583,0.553516721,2.036889787
2108,1.021720062,0.745150081,0.626151299,0.558807651,2.179415221
2109,1.038013207,0.75449723,0.63286036,0.564141077,2.301728041
2110,1.054562931,0.763954994,0.639633622,0.569517342,2.338348815
2111,1.071373275,0.773524684,0.646471699,0.574936789,2.212475907
2112,1.088448344,0.783207623,0.653375212,0.580399766,2.211233975
2113,1.105792306,0.793005151,0.660344787,0.585906622,2.302246899
2114,1.123409395,0.802918626,0.667381056,0.591457709,2.299648566
2115,1.141303914,0.812949418,0.674484657,0.597053384,2.24480304
2116,1.15948023,0.823098916,0.681656234,0.602694003,2.232365897
2117,1.177942781,0.833368526,0.688896439,0.608379928,2.430342181
2118,1.196696075,0.843759668,0.696205927,0.614111523,2.373044321
2119,1.215744691,0.85427378,0.703585362,0.619889155,2.327393794
2120,1.235093279,0.864912319,0.711035413,0.625713193,2.370550393
2121,1.254746562,0.875676756,0.718556756,0.63158401,2.090515407
2122,1.27470934,0.886568581,0.726150073,0.637501982,2.310010209
2123,1.294986486,0.897589302,0.733816053,0.643467488,2.338055147
2124,1.31558295,0.908740444,0.741555391,0.64948091,2.58457094
2125,1.336503762,0.920023551,0.749368789,0.655542631,2.416743947
2126,1.357754028,0.931440184,0.757256955,0.661653041,2.406058651
2127,1.379338937,0.942991924,0.765220606,0.66781253,2.560931035
2128,1.40126376,0.954680369,0.773260464,0.674021493,2.528715442
2129,1.423533848,0.966507138,0.781377257,0.680280327,2.507653209
2130,1.446154638,0.978473866,0.789571723,0.686589432,2.757586204
2131,1.469131655,0.990582211,0.797844604,0.692949212,2.735856748
2132,1.492470506,1.002833848,0.80619665,0.699360075,2.62166248
2133,1.516176892,1.015230474,0.81462862,0.70582243,2.524270079
2134,1.540256598,1.027773803,0.823141278,0.712336692,2.599418234
2135,1.564715505,1.040465572,0.831735396,0.718903277,2.544359364
2136,1.589559583,1.053307538,0.840411754,0.725522605,2.407656196
2137,1.614794899,1.066301479,0.849171139,0.7321951,2.611746527
2138,1.640427613,1.079449192,0.858014345,0.738921189,2.609372472
2139,1.666463984,1.092752497,0.866942174,0.745701302,2.681774442
2140,1.692910367,1.106213236,0.875955436,0.752535874,2.72385049
2141,1.719773221,1.119833272,0.885054949,0.759425342,2.796339575
2142,1.747059103,1.13361449,0.894241538,0.766370147,2.621290949
2143,1.774774675,1.147558797,0.903516037,0.773370733,2.720542338
2144,1.802926704,1.161668124,0.912879285,0.780427548,2.775021034
2145,1.831522063,1.175944423,0.922332134,0.787541044,2.713235431
2146,1.860567734,1.19038967,0.93187544,0.794711677,2.658425102
2147,1.890070807,1.205005866,0.941510068,0.801939904,2.735626576
2148,1.920038486,1.219795032,0.951236894,0.80922619,2.755173108
2149,1.950478087,1.234759215,0.961056798,0.816570999,2.795523591
2150,1.981397042,1.249900488,0.970970672,0.823974802,2.763092823
2151,2.0128029,1.265220945,0.980979415,0.831438074,2.780105291
2152,2.044703328,1.280722707,0.991083934,0.838961291,2.871080232
2153,2.077106114,1.296407919,1.001285147,0.846544935,2.85819214
2154,2.110019171,1.312278754,1.011583978,0.854189492,2.721305216
2155,2.143450532,1.328337407,1.021981362,0.86189545,3.043836295
2156,2.177408361,1.344586101,1.032478242,0.869663304,2.915827623
2157,2.211900948,1.361027084,1.043075569,0.877493549,2.99143636
2158,2.246936714,1.377662634,1.053774306,0.885386688,2.897658784
2159,2.282524214,1.394495051,1.064575422,0.893343225,2.903985174
2160,2.318672134,1.411526667,1.075479897,0.90136367,2.989536081
2161,2.355389302,1.428759837,1.08648872,0.909448535,3.176648677
2162,2.392684681,1.446196949,1.097602891,0.917598339,3.045750015
2163,2.430567377,1.463840414,1.108823416,0.925813603,3.153665364
2164,2.469046638,1.481692675,1.120151313,0.934094852,2.952808797
2165,2.508131859,1.499756203,1.131587611,0.942442617,2.987540542
2166,2.547832584,1.518033498,1.143133347,0.950857432,3.007154219
2167,2.588158503,1.53652709,1.154789567,0.959339836,3.268193568
2168,2.629119464,1.555239538,1.166557329,0.967890371,3.059278213
2169,2.670725466,1.574173433,1.1784377,0.976509584,3.048288304
2170,2.712986667,1.593331396,1.190431758,0.985198028,3.1169872
2171,2.755913385,1.612716076,1.202540591,0.993956259,3.152035054
2172,2.7995161,1.632330159,1.214765297,1.002784836,3.229129686
2173,2.843805458,1.652176359,1.227106985,1.011684325,3.308354463
2174,2.888792273,1.672257422,1.239566774,1.020655295,3.12806505
2175,2.934487526,1.692576128,1.252145795,1.029698321,3.159135074
2176,2.980902375,1.713135289,1.264845188,1.038813981,3.331113129
2177,3.028048152,1.733937751,1.277666106,1.04800286,3.292205993
2178,3.075936366,1.754986393,1.290609711,1.057265544,3.073756087
2179,3.12457871,1.776284129,1.303677178,1.066602626,3.292709398
2180,3.17398706,1.797833906,1.316869691,1.076014705,3.221589871
2181,3.224173478,1.819638707,1.330188447,1.085502383,3.385815178
2182,3.275150216,1.84170155,1.343634654,1.095066266,3.227370066
2183,3.326929722,1.864025488,1.357209532,1.104706967,3.309133396
2184,3.379524637,1.886613613,1.370914313,1.114425104,3.328342862
2185,3.4329478,1.909469049,1.384750238,1.124221297,3.396792191
2186,3.487212256,1.93259496,1.398718564,1.134096174,3.50016529
2187,3.542331253,1.955994548,1.412820557,1.144050367,3.397006327
2188,3.598318248,1.979671051,1.427057496,1.154084512,3.298431497
2189,3.65518691,2.003627746,1.441430673,1.164199253,3.234040283
2190,3.712951123,2.027867948,1.455941391,1.174395237,3.38608922
2191,3.77162499,2.052395014,1.470590967,1.184673115,3.643302115
2192,3.831222836,2.077212338,1.485380729,1.195033546,3.364840512
2193,3.891759211,2.102323354,1.500312018,1.205477193,3.398202178
2194,3.953248896,2.127731538,1.51538619,1.216004725,3.474550745
2195,4.015706902,2.153440408,1.530604611,1.226616814,3.480611208
2196,4.079148478,2.179453521,1.545968662,1.23731414,3.413232129
2197,4.143589115,2.205774478,1.561479736,1.248097389,3.521297691
2198,4.209044543,2.232406922,1.57713924,1.258967249,3.493758751
2199,4.275530744,2.259354539,1.592948595,1.269924417,3.497172803
2200,4.343063951,2.28662106,1.608909235,1.280969594,3.456019076
2201,4.411660651,2.314210257,1.625022606,1.292103487,3.540357247
2202,4.481337592,2.34212595,1.641290172,1.303326808,3.573918585
2203,4.552111785,2.370372002,1.657713407,1.314640276,3.628726267
2204,4.62400051,2.398952323,1.6742938,1.326044614,3.598476814
2205,4.697021317,2.427870869,1.691032857,1.337540553,3.863830901
2206,4.771192034,2.457131642,1.707932095,1.349128829,3.626833117
2207,4.846530771,2.486738692,1.724993046,1.360810182,3.757287798
2208,4.92305592,2.516696118,1.742217259,1.372585362,3.687308575
2209,5.000786164,2.547008065,1.759606296,1.38445512,3.738547823
2210,5.079740482,2.57767873,1.777161734,1.396420217,3.505890804
2211,5.159938149,2.608712357,1.794885165,1.408481419,3.771393813
2212,5.241398746,2.640113241,1.812778197,1.420639498,3.874785456
2213,5.324142161,2.671885729,1.830842453,1.432895231,3.720946913
2214,5.408188595,2.704034219,1.849079572,1.445249404,3.507266264
2215,5.493558567,2.736563159,1.867491207,1.457702806,3.8201718
2216,5.580272921,2.769477053,1.886079028,1.470256235,3.815157663
2217,5.668352828,2.802780456,1.904844722,1.482910494,3.879054345
2218,5.757819791,2.836477978,1.923789991,1.495666393,3.911450462
2219,5.848695653,2.870574282,1.942916553,1.508524749,3.916133247
2220,5.941002603,2.905074088,1.962226142,1.521486384,3.701866845
2221,6.034763175,2.939982171,1.981720511,1.534552129,3.794636373
2222,6.130000262,2.975303362,2.001401428,1.547722818,3.874743644
2223,6.226737114,3.011042552,2.021270677,1.560999295,4.126662379
2224,6.32499735,3.047204685,2.041330061,1.574382411,4.047517257
2225,6.42480496,3.083794767,2.0615814,1.58787302,3.988644654
2226,6.526184311,3.120817863,2.08202653,1.601471987,4.12620018
2227,6.629160154,3.158279097,2.102667305,1.615180183,4.046307992
2228,6.733757631,3.196183655,2.123505599,1.628998483,4.175581686
2229,6.840002278,3.234536781,2.1445433,1.642927774,4.033839399
2230,6.947920035,3.273343786,2.165782318,1.656968946,4.122815856
2231,7.05753725,3.31261004,2.187224578,1.671122897,4.198732027
2232,7.168880685,3.352340977,2.208872026,1.685390535,4.191238939
2233,7.281977523,3.392542098,2.230726624,1.699772771,4.128785813
2234,7.396855378,3.433218967,2.252790356,1.714270527,4.097226983
2235,7.513542295,3.474377212,2.275065223,1.72888473,4.127366826
2236,7.632066764,3.516022532,2.297553245,1.743616315,4.101676391
2237,7.752457722,3.55816069,2.320256461,1.758466226,4.055704945
2238,7.874744562,3.600797519,2.343176932,1.773435412,4.091334747
2239,7.998957139,3.64393892,2.366316735,1.788524833,4.186120803
2240,8.12512578,3.687590864,2.389677971,1.803735452,4.073580587
2241,8.253281287,3.731759393,2.413262757,1.819068245,4.297045493
2242,8.38345495,3.776450621,2.437073233,1.834524192,4.400621078
2243,8.51567855,3.821670733,2.461111558,1.850104283,4.170733655
2244,8.649984369,3.867425987,2.485379914,1.865809514,4.351973759
2245,8.786405197,3.913722718,2.509880502,1.881640891,4.365210174
2246,8.92497434,3.960567333,2.534615542,1.897599427,4.27994864
2247,9.06572563,4.007966315,2.55958728,1.913686143,4.355451304
2248,9.20869343,4.055926226,2.58479798,1.929902069,4.42854282
2249,9.353912645,4.104453703,2.610249929,1.946248243,4.45200107
2250,9.50141873,4.153555463,2.635945436,1.962725711,4.431635182
2251,9.651247698,4.203238302,2.661886831,1.979335527,4.481415806
2252,9.803436129,4.253509097,2.688076466,1.996078755,4.410103542
2253,9.958021179,4.304374806,2.714516719,2.012956465,4.385726086
2254,10.11504059,4.355842468,2.741209986,2.029969739,4.479625266
2255,10.27453269,4.407919209,2.768158689,2.047119665,4.527574823
2256,10.43653644,4.460612235,2.795365273,2.064407341,4.478654245
2257,10.60109137,4.51392884,2.822832205,2.081833873,4.383152355
2258,10.76823766,4.567876403,2.850561976,2.099400376,4.463885874
2259,10.93801612,4.622462392,2.878557102,2.117107974,4.598395731
2260,11.11046821,4.677694361,2.906820121,2.134957802,4.634209528
2261,11.28563602,4.733579955,2.935353599,2.152951001,4.398079684
2262,11.46356232,4.79012691,2.964160121,2.171088723,4.516353497
2263,11.64429055,4.847343051,2.993242303,2.189372129,4.573225763
2264,11.82786484,4.905236299,3.02260278,2.207802388,4.644916507
2265,12.01433,4.963814666,3.052244217,2.226380681,4.49609837
2266,12.20373157,5.02308626,3.082169302,2.245108197,4.818350695
2267,12.39611577,5.083059285,3.112380749,2.263986133,4.685367461
2268,12.59152958,5.143742042,3.142881298,2.283015699,4.773432036
2269,12.79002071,5.20514293,3.173673717,2.302198111,4.636502139
2270,12.99163763,5.267270447,3.204760798,2.321534599,4.654492597
2271,13.19642955,5.330133192,3.23614536,2.341026399,4.755346357
2272,13.40444647,5.393739866,3.267830251,2.360674758,4.848874908
2273,13.61573918,5.458099273,3.299818344,2.380480935,4.808292274
2274,13.83035927,5.523220322,3.332112542,2.400446197,4.701156756
2275,14.04835913,5.589112024,3.364715772,2.420571822,4.786314243
2276,14.26979199,5.655783501,3.397630992,2.440859097,4.829187786
2277,14.49471191,5.723243981,3.430861189,2.461309321,4.783182969
2278,14.7231738,5.7915028,3.464409375,2.481923804,4.918974301
2279,14.95523345,5.860569406,3.498278594,2.502703863,4.962623648
2280,15.1909475,5.93045336,3.532471918,2.52365083,4.81975206
2281,15.43037351,6.001164332,3.566992448,2.544766045,4.987032906
2282,15.67356993,6.072712111,3.601843316,2.566050859,4.779495081
2283,15.92059614,6.1451066,3.637027682,2.587506634,4.819501213
2284,16.17151244,6.218357818,3.672548738,2.609134744,5.065727552
2285,16.4263801,6.292475905,3.708409707,2.630936573,4.873471738
2286,16.68526134,6.367471118,3.744613839,2.652913516,4.878170718
2287,16.94821937,6.443353838,3.78116442,2.675066979,5.051046593
2288,17.21531838,6.520134569,3.818064765,2.697398381,5.129986825
2289,17.48662359,6.597823936,3.855318221,2.719909151,5.071368928
2290,17.76220124,6.676432694,3.892928166,2.74260073,4.762148925
2291,18.04211861,6.755971722,3.930898012,2.765474569,5.103389643
2292,18.32644403,6.836452029,3.969231203,2.788532132,5.073636891
2293,18.61524692,6.917884755,4.007931216,2.811774896,5.091805661
2294,18.9085978,7.000281171,4.047001562,2.835204348,5.109534853
2295,19.20656828,7.083652681,4.086445783,2.858821987,4.919530742
2296,19.50923112,7.168010824,4.126267459,2.882629325,5.084739533
2297,19.8166602,7.253367277,4.1664702,2.906627886,5.189863075
2298,20.12893058,7.339733854,4.207057653,2.930819205,5.004875794
2299,20.44611851,7.427122509,4.2480335,2.955204831,4.969934693
2300,20.76830142,7.515545337,4.289401458,2.979786324,5.126233697
2301,21.09555797,7.605014577,4.331165278,3.004565258,5.156204382
2302,21.42796807,7.695542612,4.373328749,3.029543218,5.133333592
2303,21.76561286,7.787141973,4.415895695,3.054721804,5.152898632
2304,22.10857478,7.879825337,4.458869977,3.080102626,5.189511921
2305,22.45693757,7.973605533,4.502255493,3.105687309,5.260583841
2306,22.81078627,8.06849554,4.546056178,3.131477491,5.127797673
2307,23.17020728,8.164508494,4.590276006,3.157474821,5.226256125
2308,23.53528835,8.261657682,4.634918986,3.183680964,5.321999982
2309,23.90611861,8.359956551,4.679989169,3.210097597,5.272433939
2310,24.28278859,8.459418708,4.725490642,3.236726411,5.329458418
2311,24.66539026,8.560057917,4.771427533,3.26356911,5.260420683
2312,25.05401703,8.661888109,4.817804008,3.290627411,5.228568487
2313,25.44876379,8.764923378,4.864624273,3.317903048,5.141699037
2314,25.8497269,8.869177986,4.911892576,3.345397764,5.363520679
2315,26.25700426,8.974666361,4.959613204,3.37311332,5.356894712
2316,26.67069531,9.081403105,5.007790485,3.40105149,5.449044281
2317,27.09090104,9.189402991,5.056428789,3.429214062,5.35899559
2318,27.51772405,9.298680967,5.105532528,3.457602838,5.583593319
2319,27.95126854,9.409252159,5.155106155,3.486219635,5.497609715
2320,28.39164037,9.521131871,5.205154168,3.515066285,5.477292885
2321,28.83894704,9.634335587,5.255681106,3.544144633,5.374591411
2322,29.29329777,9.748878977,5.306691551,3.573456541,5.455280369
2323,29.75480348,9.864777894,5.35819013,3.603003885,5.372983941
2324,30.22357685,9.98204838,5.410181516,3.632788556,5.46962783
2325,30.69973233,10.10070667,5.462670422,3.66281246,5.563270573
2326,31.18338616,10.22076918,5.515661611,3.693077518,5.679154251
2327,31.67465643,10.34225253,5.569159889,3.723585668,5.55125924
2328,32.17366308,10.46517354,5.623170109,3.754338862,5.722765045
2329,32.68052795,10.58954921,5.677697168,3.785339068,5.757557955
2330,33.19537477,10.71539678,5.732746014,3.81658827,5.711898619
2331,33.71832926,10.84273364,5.788321639,3.848088469,5.634735073
2332,34.24951908,10.97157743,5.844429084,3.87984168,5.740887594
2333,34.78907392,11.10194599,5.901073438,3.911849936,5.500629367
2334,35.33712551,11.23385735,5.958259839,3.944115284,5.689723725
2335,35.89380766,11.36732977,6.015993475,3.976639791,5.626561643
2336,36.45925628,11.50238173,6.074279581,4.009425537,5.567879219
2337,37.03360941,11.63903191,6.133123445,4.042474621,5.802722801
2338,37.6170073,11.77729925,6.192530404,4.075789158,5.762678145
2339,38.20959236,11.91720286,6.252505846,4.109371281,5.687166618
2340,38.81150928,12.05876212,6.313055211,4.143223138,5.767391301
2341,39.42290501,12.20199661,6.374183992,4.177346896,5.70183427
2342,40.04392883,12.34692617,6.435897733,4.211744738,5.619216464
2343,40.67473234,12.49357085,6.498202031,4.246418868,5.886783869
2344,41.31546957,12.64195095,6.561102538,4.281371503,5.797377756
2345,41.96629694,12.79208701,6.624604959,4.31660488,5.711852125
2346,42.62737335,12.9439998,6.688715055,4.352121255,5.786341713
2347,43.2988602,13.09771036,6.753438639,4.3879229,5.936712038
2348,43.98092142,13.25323996,6.818781584,4.424012108,5.866080056
2349,44.67372355,13.41061013,6.884749814,4.460391187,6.062520217
2350,45.37743573,13.56984264,6.951349315,4.497062465,5.909160097
2351,46.09222976,13.73095953,7.018586127,4.534028291,6.084866563
2352,46.81828015,13.89398312,7.086466349,4.571291029,5.99461524
2353,47.55576418,14.05893595,7.154996137,4.608853065,5.898838536
2354,48.30486189,14.22584087,7.224181707,4.646716803,5.830159507
2355,49.06575617,14.39472097,7.294029336,4.684884665,5.950982421
2356,49.8386328,14.56559963,7.364545357,4.723359094,6.130557147
2357,50.62368046,14.7385005,7.435736168,4.762142554,6.052155357
2358,51.42109082,14.9134475,7.507608226,4.801237525,6.027397546
2359,52.23105857,15.09046486,7.580168049,4.840646511,5.955388631
2360,53.05378145,15.26957708,7.65342222,4.880372033,6.255609091
2361,53.88946034,15.45080895,7.727377382,4.920416634,6.026457026
2362,54.73829925,15.63418554,7.802040243,4.960782877,6.194533663
2363,55.60050543,15.81973225,7.877417576,5.001473344,6.202583574
2364,56.47628938,16.00747475,7.953516218,5.042490641,6.173852362
2365,57.36586492,16.19743903,8.030343071,5.083837393,6.285743779
2366,58.26944924,16.38965138,8.107905104,5.125516245,6.109753736
2367,59.18726294,16.58413841,8.186209351,5.167529865,6.321629396
2368,60.1195301,16.78092703,8.265262915,5.209880942,6.320817091
2369,61.06647834,16.98004449,8.345072968,5.252572187,6.24598455
2370,62.02833884,17.18151834,8.425646747,5.295606331,6.522111523
2371,63.00534644,17.38537646,8.506991561,5.338986129,6.258468231
2372,63.99773967,17.59164708,8.589114789,5.382714358,6.234627943
2373,65.00576082,17.80035875,8.672023878,5.426793815,6.306316986
2374,66.02965599,18.01154034,8.75572635,5.471227323,6.150301896
2375,67.06967516,18.2252211,8.840229797,5.516017724,6.195080348
2376,68.12607226,18.44143059,8.925541883,5.561167885,6.237288909
2377,69.19910518,18.66019875,9.011670346,5.606680696,6.354697358
2378,70.28903592,18.88155585,9.098622999,5.652559071,6.256955797
2379,71.39613057,19.10553253,9.186407729,5.698805944,6.327610221
2380,72.52065942,19.33215979,9.275032497,5.745424276,6.385986159
2381,73.66289703,19.561469,9.364505343,5.79241705,6.512080634
2382,74.82312226,19.79349189,9.454834381,5.839787275,6.442390562
2383,76.00161838,20.02826059,9.546027806,5.887537981,6.502921401
2384,77.19867311,20.26580758,9.638093889,5.935672225,6.330577126
2385,78.41457871,20.50616575,9.73104098,5.984193087,6.365549076
2386,79.64963204,20.74936836,9.82487751,6.033103673,6.442653733
2387,80.90413463,20.99544907,9.919611991,6.082407113,6.452813263
2388,82.17839276,21.24444195,10.01525301,6.132106562,6.488105079
2389,83.47271754,21.49638145,10.11180926,6.182205202,6.616053972
2390,84.78742496,21.75130246,10.20928947,6.232706238,6.6871033
2391,86.12283602,22.00924024,10.30770251,6.283612903,6.585221943
2392,87.47927674,22.27023051,10.40705729,6.334928455,6.569598412
2393,88.85707829,22.53430938,10.50736283,6.386656177,6.585793281
2394,90.25657706,22.80151341,10.60862822,6.438799381,6.540384289
2395,91.67811473,23.07187958,10.71086265,6.491361404,6.710826185
2396,93.12203836,23.34544532,10.81407539,6.544345609,6.619584718
2397,94.58870047,23.62224848,10.91827581,6.597755388,6.7271637
2398,96.07845916,23.90232738,11.02347335,6.651594159,6.47276761
2399,97.59167813,24.18572078,11.12967756,6.705865367,6.620846631
2400,99.12872683,24.47246791,11.23689807,6.760572486,6.805807093
2401,100.6899805,24.76260847,11.34514461,6.815719018,6.633136879
2402,102.2758204,25.05618259,11.45442699,6.871308491,6.822498063
2403,103.8866336,25.35323093,11.56475513,6.927344464,6.575228267
2404,105.5228134,25.65379459,11.67613903,6.983830523,6.681331334
2405,107.1847593,25.95791518,11.78858879,7.040770282,6.725979343
2406,108.8728771,26.26563479,11.90211463,7.098167386,6.642540196
2407,110.5875788,26.576996,12.01672682,7.156025509,6.825631342
2408,112.3292832,26.89204192,12.13243578,7.214348353,6.766657496
2409,114.0984154,27.21081615,12.24925199,7.273139652,6.782273319
2410,115.8954074,27.53336282,12.36718605,7.332403167,6.824420319
2411,117.7206979,27.85972656,12.48624866,7.392142691,6.980287778
2412,119.5747325,28.18995254,12.60645061,7.452362049,7.078057597
2413,121.457964,28.52408649,12.72780281,7.513065093,6.872862871
2414,123.370852,28.86217463,12.85031627,7.57425571,6.906315438
2415,125.3138636,29.20426377,12.9740021,7.635937815,6.904339429
2416,127.2874732,29.55040126,13.09887152,7.698115356,7.007704671
2417,129.2921626,29.900635,13.22493584,7.760792312,7.052563946
2418,131.3284213,30.25501347,13.35220652,7.823972695,7.325503113
2419,133.3967464,30.61358572,13.48069509,7.887660548,6.916379235
2420,135.4976429,30.97640138,13.6104132,7.951859947,6.762685095
2421,137.6316237,31.34351066,13.74137263,8.016575002,6.905744855
2422,139.7992098,31.71496438,13.87358525,8.081809853,6.977820406
2423,142.0009304,32.09081396,14.00706305,8.147568676,7.189204311
2424,144.2373231,32.47111141,14.14181814,8.21385568,7.124683392
2425,146.5089338,32.85590936,14.27786275,8.280675106,7.107847149
2426,148.8163172,33.24526109,14.4152092,8.348031232,7.033754893
2427,151.1600366,33.63922047,14.55386997,8.415928368,7.246139633
2428,153.5406642,34.03784204,14.69385762,8.48437086,7.013076739
2429,155.9587812,34.44118098,14.83518486,8.553363088,7.09687733
2430,158.414978,34.84929309,14.9778645,8.622909467,7.41103221
2431,160.9098543,35.26223489,15.12190949,8.693014448,7.10574027
2432,163.4440192,35.68006351,15.26733288,8.763682519,7.112011587
2433,166.0180914,36.10283679,15.41414788,8.834918202,7.187454196
2434,168.6326993,36.53061324,15.5623678,8.906726056,7.228556281
2435,171.2884813,36.96345208,15.71200607,8.979110676,7.160878988
2436,173.9860858,37.40141322,15.86307628,9.052076696,7.164223645
2437,176.7261714,37.84455726,16.01559213,9.125628786,7.192145199
2438,179.509407,38.29294556,16.16956745,9.199771652,7.510160132
2439,182.3364723,38.74664016,16.32501621,9.27451004,7.269564654
2440,185.2080573,39.20570387,16.4819525,9.349848733,7.48125682
2441,188.1248632,39.67020022,16.64039056,9.425792553,7.552016079
2442,191.0876021,40.1401935,16.80034477,9.50234636,7.40772144
2443,194.0969974,40.61574878,16.96182962,9.579515054,7.371530015
2444,197.1537837,41.09693185,17.12485978,9.657303573,7.400928902
2445,200.2587074,41.58380934,17.28945002,9.735716897,7.40696098
2446,203.4125266,42.07644863,17.45561527,9.814760043,7.488517136
2447,206.6160112,42.57491789,17.62337061,9.89443807,7.422557766
2448,209.8699433,43.07928614,17.79273125,9.974756078,7.496489266
2449,213.1751174,43.58962317,17.96371256,10.05571921,7.333210935
2450,216.5323405,44.10599962,18.13633004,10.13733264,7.303449833
2451,219.942432,44.62848696,18.31059935,10.2196016,7.505481151
2452,223.4062248,45.15715751,18.48653629,10.30253135,7.600846821
2453,226.9245643,45.69208445,18.66415683,10.38612719,7.579699466
2454,230.4983096,46.23334181,18.84347707,10.47039449,7.461384671
2455,234.1283332,46.78100451,19.02451328,10.55533863,7.331670212
2456,237.8155213,47.33514835,19.20728189,10.64096505,7.418036059
2457,241.5607743,47.89585003,19.39179946,10.72727923,7.399594901
2458,245.3650063,48.46318715,19.57808274,10.81428668,7.743758525
2459,249.2291464,49.03723825,19.76614862,10.901993,7.660683186
2460,253.1541377,49.61808277,19.95601416,10.99040377,7.606582888
2461,257.1409387,50.20580111,20.14769658,11.07952467,7.524612069
2462,261.1905227,50.80047461,20.34121326,11.16936139,7.61604338
2463,265.3038783,51.40218559,20.53658177,11.25991969,7.680583279
2464,269.4820098,52.01101733,20.73381982,11.35120537,7.589655303
2465,273.7259374,52.62705409,20.9329453,11.44322426,7.803947417
2466,278.0366971,53.25038115,21.13397627,11.53598225,7.640808821
2467,282.4153414,53.88108477,21.33693097,11.62948528,7.669604606
2468,286.8629393,54.51925225,21.54182781,11.72373933,7.849675317
2469,291.3805766,55.16497192,21.74868536,11.81875045,7.732426469
2470,295.9693564,55.81833316,21.9575224,11.9145247,7.643979461
2471,300.630399,56.47942639,22.16835787,12.01106821,7.825613092
2472,305.3648423,57.14834313,22.38121088,12.10838717,7.747508935
2473,310.1738423,57.82517594,22.59610075,12.20648781,7.802014963
2474,315.0585729,58.51001851,22.81304696,12.3053764,7.739762191
2475,320.0202269,59.20296564,23.0320692,12.40505927,7.876943216
2476,325.0600156,59.90411323,23.25318733,12.5055428,7.658340466
2477,330.1791694,60.61355833,23.47642141,12.60683343,7.708854528
2478,335.3789381,61.33139913,23.70179168,12.70893763,8.037231547
2479,340.6605913,62.05773499,23.92931859,12.81186194,7.983559661
2480,346.0254184,62.79266644,24.15902277,12.91561294,7.922934681
2481,351.4747293,63.53629521,24.39092507,13.02019728,7.976154545
2482,357.0098543,64.28872421,24.6250465,13.12562166,7.935406977
2483,362.6321448,65.05005759,24.86140832,13.23189281,8.124331471
2484,368.3429735,65.82040074,25.10003195,13.33901754,7.990705399
2485,374.1437347,66.59986026,25.34093905,13.4470027,7.988830833
2486,380.0358446,67.38854405,25.58415146,13.55585521,8.13819302
2487,386.0207418,68.18656127,25.82969125,13.66558204,8.147375411
2488,392.0998873,68.99402236,26.07758068,13.7761902,8.049716535
2489,398.2747655,69.8110391,26.32784224,13.88768677,8.141814288
2490,404.5468838,70.63772457,26.58049862,14.00007889,8.075256258
2491,410.9177736,71.47419318,26.83557276,14.11337376,8.142125327
2492,417.3889904,72.32056071,27.09308778,14.22757862,8.053836744
2493,423.962114,73.17694431,27.35306703,14.34270078,8.162963276
2494,430.6387492,74.04346251,27.61553411,14.45874762,8.093040608
2495,437.4205261,74.92023525,27.88051282,14.57572655,8.150979046
2496,444.3091005,75.80738387,28.14802718,14.69364507,8.138821841
2497,451.3061541,76.70503117,28.41810148,14.81251072,8.419640295
2498,458.4133953,77.6133014,28.69076019,14.9323311,8.226959903
2499,465.6325593,78.53232026,28.96602807,15.0531139,8.192043995
2500,472.9654085,79.46221495,29.24393006,15.17486683,8.360567458
2501,480.4137333,80.40311419,29.52449138,15.2975977,8.254907654
2502,487.9793522,81.3551482,29.80773748,15.42131434,8.298130227
2503,495.6641122,82.31844876,30.09369405,15.5460247,8.226330087
2504,503.4698896,83.29314919,30.38238703,15.67173673,8.307689587
2505,511.3985901,84.2793844,30.67384259,15.79845849,8.546728116
2506,519.4521495,85.2772909,30.96808719,15.9261981,8.343371453
2507,527.6325339,86.28700681,31.2651475,16.05496372,8.213501266
2508,535.9417407,87.30867187,31.56505047,16.1847636,8.580821999
2509,544.3817985,88.34242751,31.8678233,16.31560604,8.608551942
2510,552.9547678,89.38841681,32.17349346,16.44749942,8.354762671
2511,561.6627417,90.44678453,32.48208867,16.58045217,8.296739814
2512,570.5078463,91.51767716,32.79363692,16.71447282,8.444283448
2513,579.492241,92.60124294,33.10816647,16.84956993,8.394828066
2514,588.6181193,93.69763183,33.42570585,16.98575215,8.493975559
2515,597.8877093,94.80699558,33.74628386,17.1230282,8.487460103
2516,607.3032742,95.92948775,34.06992959,17.26140686,8.638190764
2517,616.8671125,97.0652637,34.39667237,17.40089699,8.50875254
2518,626.5815595,98.21448062,34.72654186,17.54150752,8.507559202
2519,636.4489867,99.37729759,35.05956797,17.68324744,8.607816237
2520,646.4718032,100.5538755,35.39578091,17.82612583,8.620323044
2521,656.6524562,101.7443773,35.73521117,17.97015184,8.56463798
2522,666.9934311,102.9489677,36.07788954,18.11533467,8.853976241
2523,677.4972527,104.1678135,36.42384711,18.26168362,8.527158403
2524,688.1664854,105.4010833,36.77311525,18.40920806,8.517050736
2525,699.003734,106.6489478,37.12572565,18.55791743,8.496521913
2526,710.0116445,107.9115798,37.48171028,18.70782124,8.520635049
2527,721.1929044,109.189154,37.84110144,18.8589291,8.567950609
2528,732.5502435,110.4818473,38.20393172,19.01125067,8.619738092
2529,744.0864346,111.7898385,38.57023403,19.16479569,8.720063086
2530,755.8042944,113.1133087,38.94004161,19.31957401,8.689467051
2531,767.7066835,114.4524411,39.31338798,19.47559551,8.776831872
2532,779.7965081,115.8074211,39.69030702,19.63287019,8.583016655
2533,792.0767196,117.1784361,40.07083292,19.79140812,8.526800951
2534,804.5503164,118.565676,40.45500018,19.95121944,8.687649544
2535,817.2203437,119.9693327,40.84284366,20.11231438,8.822119054
2536,830.0898949,121.3896006,41.23439852,20.27470324,8.828764111
2537,843.1621121,122.8266761,41.6297003,20.43839643,8.811212127
2538,856.4401867,124.2807583,42.02878484,20.60340441,8.905513802
2539,869.9273606,125.7520483,42.43168834,20.76973775,8.913671633
2540,883.6269266,127.2407499,42.83844735,20.93740709,8.763623726
2541,897.5422293,128.747069,43.24909876,21.10642317,8.774441268
2542,911.6766662,130.2712142,43.66367982,21.27679681,8.732317626
2543,926.033688,131.8133964,44.08222813,21.44853889,8.907495948
2544,940.6168001,133.3738291,44.50478166,21.62166043,9.019611842
2545,955.4295627,134.9527282,44.93137873,21.79617249,8.993649539
2546,970.4755924,136.5503123,45.36205804,21.97208624,8.970048971
2547,985.7585627,138.1668024,45.79685865,22.14941295,9.033930716
2548,1001.282205,139.8024225,46.23582,22.32816397,9.106996006
2549,1017.050308,141.4573987,46.67898191,22.50835073,9.057659319
2550,1033.066724,143.1319603,47.12638457,22.68998476,8.888403542
2551,1049.335361,144.8263389,47.57806856,22.87307769,8.964254527
2552,1065.860192,146.5407691,48.03407485,23.05764124,9.040124105
2553,1082.645251,148.2754881,48.4944448,23.24368722,9.004474572
2554,1099.694636,150.0307362,48.95922018,23.43122754,9.007805201
2555,1117.01251,151.8067562,49.42844313,23.6202742,8.977444877
2556,1134.603101,153.6037939,49.90215623,23.8108393,9.094799583
2557,1152.470703,155.4220981,50.38040242,24.00293503,9.088737435
2558,1170.61968,157.2619204,50.8632251,24.19657369,8.975038659
2559,1189.054461,159.1235155,51.35066806,24.39176768,9.379697069
2560,1207.779547,161.0071411,51.84277551,24.58852948,9.229590394
2561,1226.799511,162.9130579,52.33959209,24.78687168,9.160249851
2562,1246.118995,164.8415296,52.84116285,24.98680699,9.417518963
2563,1265.742718,166.7928232,53.3475333,25.1883482,9.361714344
2564,1285.675468,168.7672088,53.85874936,25.3915082,9.195900054
2565,1305.922114,170.7649596,54.37485741,25.5963,9.243414585
2566,1326.487599,172.7863521,54.89590424,25.8027367,9.279323554
2567,1347.376942,174.8316662,55.42193714,26.01083153,9.29824444
2568,1368.595245,176.9011849,55.95300381,26.22059779,9.228143609
2569,1390.147688,178.9951947,56.48915241,26.4320489,9.157227845
2570,1412.039532,181.1139854,57.03043159,26.64519842,9.245701667
2571,1434.276122,183.2578502,57.57689043,26.86005996,9.263454314
2572,1456.862888,185.4270859,58.1285785,27.0766473,9.350103838
2573,1479.805344,187.6219927,58.68554584,27.29497428,9.321207774
2574,1503.10909,189.8428745,59.24784297,27.51505488,9.361111754
2575,1526.779818,192.0900385,59.8155209,27.73690319,9.283489822
2576,1550.823305,194.363796,60.38863111,27.9605334,9.525746347
2577,1575.245421,196.6644614,60.96722559,28.18595983,9.500499987
2578,1600.052131,198.9923534,61.55135681,28.41319691,9.350672724
2579,1625.249489,201.3477941,62.14107776,28.64225917,9.389737408
2580,1650.843648,203.7311095,62.73644194,28.87316128,9.187514424
2581,1676.840856,206.1426295,63.33750333,29.10591802,9.404477391
2582,1703.24746,208.5826878,63.94431647,29.34054428,9.440164041
2583,1730.069908,211.0516223,64.55693638,29.57705507,9.669647736
2584,1757.314748,213.5497745,65.17541865,29.81546554,9.804643164
2585,1784.988632,216.0774904,65.79981935,30.05579095,9.672246354
2586,1813.098316,218.6351197,66.43019514,30.29804666,9.646451072
2587,1841.650664,221.2230164,67.06660319,30.5422482,9.550668834
2588,1870.652645,223.8415388,67.70910122,30.78841119,9.428999725
2589,1900.111341,226.4910493,68.35774751,31.03655137,9.557722701
2590,1930.033944,229.1719146,69.0126009,31.28668464,9.453116377
2591,1960.42776,231.8845057,69.67372077,31.538827,9.698456544
2592,1991.300208,234.6291981,70.34116711,31.79299459,9.633628616
2593,2022.658827,237.4063717,71.01500044,32.04920368,9.682058861
2594,2054.511272,240.2164108,71.69528189,32.30747066,9.606065419
2595,2086.86532,243.0597045,72.38207316,32.56781206,9.520589221
2596,2119.728871,245.9366463,73.07543654,32.83024455,9.945649086
2597,2153.109947,248.8476342,73.77543493,33.09478492,9.760988672
2598,2187.016698,251.7930714,74.48213182,33.36145009,9.694936404
2599,2221.457403,254.7733654,75.19559131,33.63025715,9.868846916
2600,2256.44047,257.7889287,75.91587811,33.90122328,9.898012958
,,,,,
CSIRO Adjusted Sea Level,,,,,
0,0.01,,,,
0.220472441,,,,,
-0.440944881,,,,,
-0.232283464,,,,,
0.590551181,,,,,
0.531496062,,,,,
0.437007874,,,,,
0.216535433,,,,,
0.299212598,,,,,
0.362204724,,,,,
0.440944881,,,,,
0.374015748,,,,,
0.499999999,,,,,
0.685039369,,,,,
0.303149606,,,,,
0.767716535,,,,,
0.468503937,,,,,
0.673228346,,,,,
1.043307086,,,,,
1.338582676,,,,,
1.125984251,,,,,
1.110236219,,,,,
1.291338581,,,,,
1.606299211,,,,,
1.2007874,,,,,
0.984251968,,,,,
1.251968503,,,,,
1.196850392,,,,,
1.098425196,,,,,
1.27559055,,,,,
1.271653542,,,,,
1.598425195,,,,,
1.476377951,,,,,
1.547244093,,,,,
1.795275589,,,,,
2.10629921,,,,,
2.031496061,,,,,
1.854330707,,,,,
1.791338581,,,,,
1.854330707,,,,,
1.905511809,,,,,
1.988188974,,,,,
1.952755904,,,,,
1.999999998,,,,,
1.712598423,,,,,
1.791338581,,,,,
2.047244092,,,,,
2.003937006,,,,,
1.850393699,,,,,
1.905511809,,,,,
2.062992124,,,,,
2.047244092,,,,,
2.271653541,,,,,
2.440944879,,,,,
2.228346454,,,,,
2.448818895,,,,,
2.295275588,,,,,
2.519685037,,,,,
2.622047241,,,,,
2.826771651,,,,,
2.618110234,,,,,
3.098425194,,,,,
3.098425194,,,,,
3.098425194,,,,,
2.84645669,,,,,
2.95669291,,,,,
3.251968501,,,,,
3.374015745,,,,,
3.562992122,,,,,
3.51181102,,,,,
3.598425193,,,,,
3.972440941,,,,,
3.870078736,,,,,
4.043307082,,,,,
3.929133854,,,,,
3.964566925,,,,,
3.763779524,,,,,
4.291338578,,,,,
4.346456688,,,,,
4.358267712,,,,,
4.503937003,,,,,
4.748031491,,,,,
4.543307082,,,,,
4.480314956,,,,,
4.169291334,,,,,
4.610236216,,,,,
4.397637791,,,,,
4.452755901,,,,,
4.484251964,,,,,
4.751968499,,,,,
4.67716535,,,,,
4.881889759,,,,,
5.240157475,,,,,
5.003937003,,,,,
5.472440939,,,,,
5.409448813,,,,,
5.370078735,,,,,
5.303149601,,,,,
5.555118105,,,,,
5.362204719,,,,,
5.598425191,,,,,
6.086614167,,,,,
5.858267711,,,,,
6.188976372,,,,,
6.153543301,,,,,
5.74803149,,,,,
5.771653537,,,,,
5.795275585,,,,,
5.980314955,,,,,
6.157480309,,,,,
6.232283458,,,,,
6.334645663,,,,,
6.35826771,,,,,
6.291338576,,,,,
6.499999993,,,,,
6.618110229,,,,,
6.787401568,,,,,
7.066929127,,,,,
6.665354324,,,,,
7.011811016,,,,,
7.062992119,,,,,
7.287401567,,,,,
7.381889756,,,,,
7.759842512,,,,,
7.740157472,,,,,
7.74409448,,,,,
7.917322827,,,,,
7.996062984,,,,,
8.350393692,,,,,
8.586614164,,,,,
8.901574794,,,,,
8.96456692,,,,,
9.326771644,,,,,
8.980314951,,,,,